[{"username":"nicol","password":"123"},{"username":"friyal","password":"321"},{"username":"firyal","password":"12345678"},{"username":"yustinn","password":"1234"},{"username":"yustinn","password":"1234"},{"username":"muchtar","password":"123"},{"username":"riffa","password":"jmk"},{"username":"ubaidillahsaupani","password":"123"},{"username":"ubaidillahsaupani","password":"123"},{"username":"yustin","password":"1234"},{"username":"muchtarr","password":"ebit"},{"username":"riffa","password":"gg"},{"username":"riffa","password":"gg"}]